{"cameraMode":{"drawMode":2,"name":"Shaded Wireframe","section":"Shading Mode"},"sceneLighting":true,"audioPlay":false,"sceneViewState":{"showFog":false,"showMaterialUpdate":false,"showSkybox":false,"showFlares":false,"showImageEffects":false,"showParticleSystems":false},"in2DMode":false,"pivot":{"x":640.0001220703125,"y":360.0,"z":-0.000030517570849042386},"rotation":{"x":-0.23287011682987214,"y":0.3719182014465332,"z":-0.09694969654083252,"w":-0.8933359980583191},"size":331.232177734375,"orthographic":false}