{"cameraMode":{"drawMode":0,"name":"Shaded","section":"Shading Mode"},"sceneLighting":false,"audioPlay":false,"sceneViewState":{"showFog":true,"showMaterialUpdate":false,"showSkybox":false,"showFlares":true,"showImageEffects":true,"showParticleSystems":true},"in2DMode":false,"pivot":{"x":1.7507495880126954,"y":-1.7005939483642579,"z":0.2623836100101471},"rotation":{"x":-0.2596037983894348,"y":0.6525083780288696,"z":-0.25481927394866946,"w":-0.6647600531578064},"size":41.80724334716797,"orthographic":false}