{"cameraMode":{"drawMode":0,"name":"Shaded","section":"Shading Mode"},"sceneLighting":false,"audioPlay":false,"sceneViewState":{"showFog":true,"showMaterialUpdate":false,"showSkybox":false,"showFlares":true,"showImageEffects":true,"showParticleSystems":true},"in2DMode":false,"pivot":{"x":171.13214111328126,"y":362.0796203613281,"z":-18.16511344909668},"rotation":{"x":-0.05696919560432434,"y":5.987077145164221e-8,"z":-1.0547483775269484e-8,"w":-0.9983759522438049},"size":382.73504638671877,"orthographic":false}