{"cameraMode":{"drawMode":0,"name":"Shaded","section":"Shading Mode"},"sceneLighting":false,"audioPlay":false,"sceneViewState":{"showFog":true,"showMaterialUpdate":false,"showSkybox":false,"showFlares":true,"showImageEffects":true,"showParticleSystems":true},"in2DMode":false,"pivot":{"x":-0.3361399173736572,"y":0.22200000286102296,"z":0.05000000074505806},"rotation":{"x":-0.23287011682987214,"y":0.3719181716442108,"z":-0.09694969654083252,"w":-0.8933359980583191},"size":5.031697750091553,"orthographic":false}