{"cameraMode":{"drawMode":0,"name":"Shaded","section":"Shading Mode"},"sceneLighting":false,"audioPlay":false,"sceneViewState":{"showFog":true,"showMaterialUpdate":false,"showSkybox":false,"showFlares":true,"showImageEffects":true,"showParticleSystems":true},"in2DMode":false,"pivot":{"x":712.4351196289063,"y":430.7149963378906,"z":-10.30340576171875},"rotation":{"x":-0.05696919560432434,"y":5.987077145164221e-8,"z":-1.0547483775269484e-8,"w":-0.9983759522438049},"size":755.4310302734375,"orthographic":false}